# Z Chaat menu, from "Z Chaat Menu May 2026" and the two table cards (main course and Chinese additions), read 8 October 2026.
# Prices in rupees, before GST. GST 5% on every item. Check every TO CONFIRM item in docs/clients/zchaat/PROFILE.md before cutover.
category,item,size,price,gst_percent,available,description
Desi Tadka Sharbat,Aam Panna Soda,,190.00,5,yes,"Raw mango with chilled soda, black salt, roasted cumin and fresh mint. 300ml"
Desi Tadka Sharbat,Masala Jaljeera,,195.00,5,yes,"Spicy tangy jaljeera with mint, lemon and soda. 300ml"
Desi Tadka Sharbat,Nimbu Pudina Jamun Shikanji,,200.00,5,yes,"Lemon, mint, black plum and traditional spices. 300ml"
Desi Tadka Sharbat,Kokum Masala,,220.00,5,yes,"Tangy, spicy kokum with aromatic spices. 300ml"
Desi Tadka Sharbat,Pineapple Ginger Masala,,240.00,5,yes,"Pineapple, ginger and Indian spices. 300ml"
Desi Tadka Sharbat,Jamun Kala Khatta Soda,,225.00,5,yes,"Jamun, kala khatta syrup and soda. 300ml"
Desi Tadka Sharbat,Watermelon Basil Masala Splash,,240.00,5,yes,"Fresh watermelon, basil, lemon and black salt, served chilled. 300gm"
Desi Tadka Sharbat,Mango Lassi,,240.00,5,yes,Ripe mango blended with yogurt and milk. 300ml
Desi Tadka Sharbat,Rajwadi Lassi,,240.00,5,yes,"Rich, creamy royal-style yogurt drink. 300ml"
Desi Tadka Sharbat,Rose Lassi,,240.00,5,yes,Yogurt drink flavoured with rose syrup. 300ml
Bhel,Vitamin Bhel,,290.00,5,yes,"Fresh vegetables, sprouts and tangy chutneys. 250gm"
Bhel,Churmuri Bhel,,275.00,5,yes,"South Indian style puffed rice with carrot, onion, green chilli, coriander and lemon. 250gm"
Bhel,Chana Jor Bhel,,270.00,5,yes,"Chana jor garam with onion, tomato, chutneys and masalas. 250gm"
Bhel,Mumbaiya Bhel Version 2.0,,295.00,5,yes,"Mumbai street style puffed rice with vegetables, chutneys and spices. 250gm"
Bhel,Kachi Keri Bhel,,265.00,5,yes,Summer bhel with raw mango. 250gm
Bhel,Kolkata Jhalmuri Bhel,,270.00,5,yes,Spicy dry puffed rice snack from Bengal. 250gm
Bhel,Mexican Bhel,,295.00,5,yes,"Nachos, puffed rice, corn, beans, salsa, jalapenos and onion with chaat masala. 250gm"
Bhel,Chinese Bhel,,275.00,5,yes,Indian bhel crunch with bold Indo-Chinese flavours. 250gm
Chaat Darbar,Pani Puri With 6 Flavoured Pani,,270.00,5,yes,"Six flavours: spicy, tangy, sweet, fruity and smoky. 250gm"
Chaat Darbar,Dahi Bhalla Chaat,,265.00,5,yes,"North Indian street flavours: sweet, spicy, crunchy and cool. 300gm"
Chaat Darbar,Mango Dahi Bhalla With Palak Patta Chaat,,310.00,5,yes,"Lentil bhallas, ripe mango and crisp spinach leaves with curd, chutneys and chaat masala. 300gm"
Chaat Darbar,Raj Kachori Basket Chaat,,295.00,5,yes,"Edible basket stuffed with aloo, dahi and royal toppings. 250gm"
Chaat Darbar,Karari Aloo Tikki Chaat,,285.00,5,yes,"Crispy aloo tikkis with yogurt, chutneys and garnishes. 300gm"
Chaat Darbar,Tikki Chole Chaat,,290.00,5,yes,Aloo tikkis topped with masala chole and tangy chutneys. 330gm
Chaat Darbar,Corn Cheese Tikki Chaat,,305.00,5,yes,Crispy sweet corn and cheese tikkis. 300gm
Chaat Darbar,Moong Dal Kachori Samosa,,290.00,5,yes,Samosa shell stuffed with spicy moong dal and caramelised onion. 250gm
Chaat Darbar,Kadhi Kachori Chaat,,290.00,5,yes,"Stuffed kachoris with tangy, spicy Rajasthani kadhi. 350gm"
Chaat Darbar,Paneer Tikka Chaat,,300.00,5,yes,Smoky spiced paneer tikka with crunchy chaat elements. 250gm
Chaat Darbar,Tandoori Paneer Nacho Chaat,,295.00,5,yes,"Nachos with smoky tandoori paneer, chutneys and veggies. 250gm"
Chaat Darbar,Loaded Nacho Chaat,,305.00,5,yes,Nacho chips with bold Indian chaat flavours. 250gm
Chaat Darbar,Missal Chaat,,245.00,5,yes,"Maharashtrian missal with a chaat twist, served with masala pav. 250gm"
Chaat Darbar,Sev Poori Chaat,,265.00,5,yes,"Flat puris with potato, onion, tamarind and green chutney and sev. 200gm"
Chaat Darbar,Mini Vada Pav Slider,,300.00,5,yes,Bite-sized Mumbai vada pav served as sliders. 300gm
Chaat Darbar,Chole Bhature,,290.00,5,yes,"Spicy chana masala with soft, puffed bhatura. 350gm"
Chaat Darbar,Mutter Puri With Dum Aloo,,285.00,5,yes,Green pea stuffed puris with Kashmiri-style baby potato curry. 450gm
Chaat Darbar,Masala Pav Bhaji,,270.00,5,yes,Classic Mumbai pav bhaji with herby masala pav. 300gm
Kulcha,Hariyali Stuffed Kulcha,,450.00,5,yes,Stuffed kulcha brushed with butter or ghee. 250gm
Kulcha,Stuffed Chur Chur Naan,,450.00,5,yes,Flaky naan with paneer and potato filling. 250gm
Kulcha,Aloo Pyaaz Ka Kulcha,,450.00,5,yes,Kulcha filled with spiced potato and onion. 250gm
Kulcha,Cheese Kulcha,,460.00,5,yes,Kulcha stuffed with cheese. 250gm
Kulcha,Cheese Garlic Kulcha,,490.00,5,yes,Kulcha stuffed with garlic and cheese. 250gm
Sizzler,Indian Sizzler,,720.00,5,yes,"Veg and cottage cheese tikki, tawa pulao, masala wedges and mini samosa with makhani gravy. 700gm"
Sizzler,Red Dragon Sizzler,,770.00,5,yes,Indo-Chinese favourites on a hot cast-iron platter. 700gm
Sizzler,Mexican Sizzler,,820.00,5,yes,"Mexican rice, sauteed vegetables, cheese corn tikki, nachos and refried beans with chipotle, sour cream and salsa. 700gm"
Sizzler,Paneer Tikka Sizzler,,770.00,5,yes,"Tandoori paneer with Bhojpuri biryani, aloo tikki, mirchi vada and butter masala gravy. 700gm"
Sizzler,Italian Sizzler,,820.00,5,yes,"Cheese corn tikki, penne in pink sauce, butter garlic rice, fries and sauteed veggies. 700gm"
Main Course,Paneer Tikka Methi Garlic,,399.00,5,yes,Paneer tikka in creamy methi garlic gravy.
Main Course,Cheese Butter Masala,,429.00,5,yes,Rich butter masala topped with melted cheese.
Main Course,Grilled Masala Vegetable Twist,,379.00,5,yes,"Grilled vegetables in a smoky, spicy masala."
Main Course,Paneer Makhni,,399.00,5,yes,"Paneer in smooth, buttery makhni gravy."
Main Course,Kadai Ki Tezz Sabji,,389.00,5,yes,Spicy kadai-style mixed vegetables.
Main Course,Jeera Rice,,249.00,5,yes,Basmati rice tempered with cumin.
Main Course,Dal Makhani,,399.00,5,yes,"Slow-cooked black lentils in a rich, creamy gravy."
Breads,Tandoori Roti,Plain,69.00,5,yes,
Breads,Tandoori Roti,Butter,69.00,5,yes,
Breads,Tandoori Naan,Plain,109.00,5,yes,
Breads,Tandoori Naan,Butter,109.00,5,yes,
Breads,Garlic Masala Naan,Plain,159.00,5,yes,
Breads,Garlic Masala Naan,Butter,159.00,5,yes,
Chinese,Manchurian Dry,,349.00,5,yes,Wok-tossed vegetable manchurian.
Chinese,Veg Hakka Noodles,,349.00,5,yes,Wok-tossed hakka noodles with vegetables.
Chinese,Paneer Chilly Dry,,369.00,5,yes,Wok-tossed chilli paneer.
Chinese,Tropical Fried Rice,,349.00,5,yes,Wok-tossed fried rice.
Chinese,Veg Chowmin,,369.00,5,yes,Wok-tossed chowmein noodles with vegetables.
Biryanis,Assamese Biryani,,370.00,5,yes,"Indo-Chinese style biryani with schezwan sauce, spring onion and crispy noodles. 550gm"
Biryanis,Bhojpuri Biryani,,365.00,5,yes,Spicy veg biryani with traditional Bhojpuri spices. 550gm
Biryanis,Nargis Biryani,,370.00,5,yes,"Layered dum biryani with fried onion, spiced vegetables and saffron. 550gm"
Biryanis,Zakkas Biryani,,375.00,5,yes,"Street-style tawa rice with pav bhaji masala, capsicum, tomato and butter. 550gm"
Biryanis,Paneer Bhurji Biryani,,350.00,5,yes,"Scrambled paneer with veggies, layered with biryani rice. 550gm"
Sides,Papad,Roasted,49.00,5,yes,
Sides,Papad,Fry,49.00,5,yes,
Sides,Dahi,,49.00,5,yes,
Sides,Raita,,69.00,5,yes,
Sides,Salad,,79.00,5,yes,
Sides,Bhature,,49.00,5,yes,
Sides,Pav,,49.00,5,yes,
Sides,Kulcha,,69.00,5,yes,100gm
Sides,Masala Papad,,89.00,5,yes,
Sides,French Fries,Salted,175.00,5,yes,200gm
Sides,French Fries,Peri Peri,195.00,5,yes,200gm
Indian Sweet Ka Milan,Gulab Jamun Laccha Rabdi,,240.00,5,yes,Gulab jamuns over creamy laccha rabdi. 200gm
Indian Sweet Ka Milan,Rabdi Jalebi,,270.00,5,yes,"Crispy jalebis with thick, creamy rabdi. 180gm"
Indian Sweet Ka Milan,24 Carat Phirni,,240.00,5,yes,"Ground rice, milk, sugar and saffron. 200gm"
Indian Sweet Ka Milan,Rasmalai,,270.00,5,yes,Paneer balls in saffron milk with cardamom and dry fruits. 180gm
Indian Sweet Ka Milan,Ghewar with Rabdi,,295.00,5,yes,"Rajasthani honeycomb ghewar with rabdi, saffron and dry fruits. 200gm"
Indian Sweet Ka Milan,Kalakand Halwa,,300.00,5,yes,"Kalakand with soft pastry layers, saffron and dry fruits. 180gm"
Indian Sweet Ka Milan,Moti Chur Laddu,,280.00,5,yes,Soft gram flour pearls shaped into laddus. 180gm
Indian Sweet Ka Milan,Laccha Rabdi,,295.00,5,yes,Layered slow-cooked rabdi with nuts and saffron. 200gm
Indian Sweet Ka Milan,Kaju Akhrot Halwa,,300.00,5,yes,Cashew and walnut halwa with milk and ghee. 200gm
Roll Cut Kulfi,Mava Malai,,135.00,5,yes,
Roll Cut Kulfi,Badam Kesar Pista,,155.00,5,yes,
Roll Cut Kulfi,Green Pista,,155.00,5,yes,
Roll Cut Kulfi,Chocolate,,125.00,5,yes,
Beverages,Classic Cold Coffee,,199.00,5,yes,
Beverages,Water Bottle,,50.00,5,yes,
Beverages,Aerated Drinks,Sprite,70.00,5,yes,
Beverages,Aerated Drinks,Diet Coke,70.00,5,yes,
Beverages,Aerated Drinks,Coke,70.00,5,yes,
Beverages,Aerated Drinks,Thums Up,70.00,5,yes,
Beverages,Butter Milk,,90.00,5,yes,
Beverages,Red Bull,,150.00,5,yes,
Beverages,Filter Coffee,,110.00,5,yes,
Beverages,Tapri Tea,,110.00,5,yes,
Catering Packages,Catering Plan A,,649.00,5,yes,"Per person. Desi sharbat any 2, bhel any 1, chaat any 2, mains any 1, biryani any 1, dessert any 1. Write the guest choices in the note."
Catering Packages,Catering Plan B,,749.00,5,yes,"Per person. Desi sharbat any 2, bhel any 2, chaat any 2, mains any 2, biryani any 2, dessert any 2. Write the guest choices in the note."
